{
    "type": "minecraft:chest",
    "pools": [
      {
        "rolls": 3,
        "entries": [
          {
            "type": "minecraft:item",
            "name": "minecraft:gold_ingot",
            "functions": [
              {
                "function": "minecraft:set_count",
                "count": {
                  "min": 0,
                  "max": 4
                }
              }
            ]
          },
          {
            "type": "minecraft:item",
            "name": "minecraft:diamond",
            "functions": [
              {
                "function": "minecraft:set_count",
                "count": {
                  "min": 0,
                  "max": 4
                }
              }
            ]
          },
          {
            "type": "minecraft:item",
            "name": "minecraft:emerald",
            "functions": [
              {
                "function": "minecraft:set_count",
                "count": {
                  "min": 1,
                  "max": 6
                }
              }
            ]
          },
          {
            "type": "minecraft:item",
            "name": "minecraft:trident",
            "conditions": [
              {
                "condition": "minecraft:random_chance",
                "chance": 0.2
              }
            ]
          },
          {
            "type": "minecraft:item",
            "name": "minecraft:heart_of_the_sea",
            "conditions": [
              {
                "condition": "minecraft:random_chance",
                "chance": 0.4
              }
            ]
          },
          {
            "type": "minecraft:item",
            "name": "minecraft:nautilus_shell",
            "functions": [
              {
                "function": "minecraft:set_count",
                "count": {
                  "min": 1,
                  "max": 2
                },
                "conditions": [
                  {
                    "condition": "minecraft:random_chance",
                    "chance": 0.3
                  }
                ]
              }
            ]
          },
          {
            "type": "minecraft:item",
            "name": "minecraft:bone",
            "functions": [
              {
                "function": "minecraft:set_count",
                "count": {
                  "min": 2,
                  "max": 8
                }
              }
            ],
            "conditions": [
              {
                "condition": "minecraft:random_chance",
                "chance": 0.8
              }
            ]
          }
        ]
      }
    ]
  }
  