{
    "type": "minecraft:chest",
    "pools": [
      {
        "rolls": 3,
        "entries": [
          {
            "type": "minecraft:item",
            "name": "minecraft:emerald",
            "functions": [
              {
                "function": "minecraft:set_count",
                "count": {
                  "min": 0,
                  "max": 2
                }
              }
            ]
          },
          {
            "type": "minecraft:item",
            "name": "minecraft:dried_kelp",
            "functions": [
              {
                "function": "minecraft:set_count",
                "count": {
                  "min": 0,
                  "max": 12
                }
              }
            ]
          },
          {
            "type": "minecraft:item",
            "name": "minecraft:prismarine_crystals",
            "functions": [
              {
                "function": "minecraft:set_count",
                "count": {
                  "min": 0,
                  "max": 8
                }
              }
            ]
          },
          {
            "type": "minecraft:item",
            "name": "minecraft:prismarine_shard",
            "functions": [
              {
                "function": "minecraft:set_count",
                "count": {
                  "min": 0,
                  "max": 8
                }
              }
            ]
          },
          {
            "type": "minecraft:item",
            "name": "minecraft:tropical_fish"
          },
          {
            "type": "minecraft:item",
            "name": "minecraft:cod",
            "functions": [
              {
                "function": "minecraft:set_count",
                "count": {
                  "min": 0,
                  "max": 4
                }
              }
            ]
          },
          {
            "type": "minecraft:item",
            "name": "minecraft:diamond",
            "functions": [
              {
                "function": "minecraft:set_count",
                "count": {
                  "min": 0,
                  "max": 1
                }
              }
            ]
          },
          {
            "type": "minecraft:item",
            "name": "minecraft:pufferfish"
          },
          {
            "type": "minecraft:item",
            "name": "minecraft:iron_ingot",
            "functions": [
              {
                "function": "minecraft:set_count",
                "count": {
                  "min": 0,
                  "max": 3
                }
              }
            ]
          }
        ]
      }
    ]
  }
  