{
  "name": "oco:sunken_city",
  "fallback": "minecraft:empty",
  "elements": [
    {
      "weight": 2,
      "element": {
        "location": "oco:sunken_city/chest",
        "processors": "minecraft:empty",
		"projection": "rigid",
        "element_type": "minecraft:single_pool_element"
      }
    },
    {
      "weight": 4,
      "element": {
        "location": "oco:sunken_city/merfolk",
        "processors": "minecraft:empty",
		"projection": "rigid",
        "element_type": "minecraft:single_pool_element"
      }
    },
    {
      "weight": 6,
      "element": {
        "location": "oco:sunken_city/none",
        "processors": "minecraft:empty",
		"projection": "rigid",
        "element_type": "minecraft:single_pool_element"
      }
    },
    {
      "weight": 1,
      "element": {
        "location": "oco:sunken_city/chestandmerfolk",
        "processors": "minecraft:empty",
		"projection": "rigid",
        "element_type": "minecraft:single_pool_element"
      }
    },
    {
      "weight": 15,
      "element": {
        "location": "oco:sunken_city/botpath1",
        "processors": "minecraft:empty",
		"projection": "rigid",
        "element_type": "minecraft:single_pool_element"
      }
    },
    {
      "weight": 10,
      "element": {
        "location": "oco:sunken_city/botpath2",
        "processors": "minecraft:empty",
		"projection": "rigid",
        "element_type": "minecraft:single_pool_element"
      }
    },
    {
      "weight": 7,
      "element": {
        "location": "oco:sunken_city/botpathleft",
        "processors": "minecraft:empty",
		"projection": "rigid",
        "element_type": "minecraft:single_pool_element"
      }
    },
    {
      "weight": 7,
      "element": {
        "location": "oco:sunken_city/botpathright",
        "processors": "minecraft:empty",
		"projection": "rigid",
        "element_type": "minecraft:single_pool_element"
      }
    },
    {
      "weight": 3,
      "element": {
        "location": "oco:sunken_city/bot_to_top",
        "processors": "minecraft:empty",
		"projection": "rigid",
        "element_type": "minecraft:single_pool_element"
      }
    },
    {
      "weight": 5,
      "element": {
        "location": "oco:sunken_city/botpathsplit",
        "processors": "minecraft:empty",
		"projection": "rigid",
        "element_type": "minecraft:single_pool_element"
      }
    },
    {
      "weight": 5,
      "element": {
        "location": "oco:sunken_city/bothouse1",
        "processors": "minecraft:empty",
		"projection": "rigid",
        "element_type": "minecraft:single_pool_element"
      }
    },
    {
      "weight": 5,
      "element": {
        "location": "oco:sunken_city/bothouse2",
        "processors": "minecraft:empty",
		"projection": "rigid",
        "element_type": "minecraft:single_pool_element"
      }
    },
    {
      "weight": 5,
      "element": {
        "location": "oco:sunken_city/bothouse3",
        "processors": "minecraft:empty",
		"projection": "rigid",
        "element_type": "minecraft:single_pool_element"
      }
    },
    {
      "weight": 2,
      "element": {
        "location": "oco:sunken_city/botstable",
        "processors": "minecraft:empty",
		"projection": "rigid",
        "element_type": "minecraft:single_pool_element"
      }
    },
    {
      "weight": 3,
      "element": {
        "location": "oco:sunken_city/botstorage",
        "processors": "minecraft:empty",
		"projection": "rigid",
        "element_type": "minecraft:single_pool_element"
      }
    },
    {
      "weight": 8,
      "element": {
        "location": "oco:sunken_city/toppath1",
        "processors": "minecraft:empty",
		"projection": "rigid",
        "element_type": "minecraft:single_pool_element"
      }
    },
    {
      "weight": 10,
      "element": {
        "location": "oco:sunken_city/toppath2",
        "processors": "minecraft:empty",
		"projection": "rigid",
        "element_type": "minecraft:single_pool_element"
      }
    },
    {
      "weight": 10,
      "element": {
        "location": "oco:sunken_city/toppathleft",
        "processors": "minecraft:empty",
		"projection": "rigid",
        "element_type": "minecraft:single_pool_element"
      }
    },
    {
      "weight": 10,
      "element": {
        "location": "oco:sunken_city/toppathright",
        "processors": "minecraft:empty",
		"projection": "rigid",
        "element_type": "minecraft:single_pool_element"
      }
    },
    {
      "weight": 6,
      "element": {
        "location": "oco:sunken_city/toppathsplit",
        "processors": "minecraft:empty",
		"projection": "rigid",
        "element_type": "minecraft:single_pool_element"
      }
    },
    {
      "weight": 5,
      "element": {
        "location": "oco:sunken_city/toppathpipe",
        "processors": "minecraft:empty",
		"projection": "rigid",
        "element_type": "minecraft:single_pool_element"
      }
    },
    {
      "weight": 12,
      "element": {
        "location": "oco:sunken_city/toppathpost",
        "processors": "minecraft:empty",
		"projection": "rigid",
        "element_type": "minecraft:single_pool_element"
      }
    },
    {
      "weight": 6,
      "element": {
        "location": "oco:sunken_city/toppathend",
        "processors": "minecraft:empty",
		"projection": "rigid",
        "element_type": "minecraft:single_pool_element"
      }
    },
    {
      "weight": 5,
      "element": {
        "location": "oco:sunken_city/tophouse1",
        "processors": "minecraft:empty",
		"projection": "rigid",
        "element_type": "minecraft:single_pool_element"
      }
    },
    {
      "weight": 5,
      "element": {
        "location": "oco:sunken_city/tophouse2",
        "processors": "minecraft:empty",
		"projection": "rigid",
        "element_type": "minecraft:single_pool_element"
      }
    },
    {
      "weight": 5,
      "element": {
        "location": "oco:sunken_city/tophouse3",
        "processors": "minecraft:empty",
		"projection": "rigid",
        "element_type": "minecraft:single_pool_element"
      }
    },
    {
      "weight": 5,
      "element": {
        "location": "oco:sunken_city/tophouse3",
        "processors": "minecraft:empty",
		"projection": "rigid",
        "element_type": "minecraft:single_pool_element"
      }
    },
    {
      "weight": 5,
      "element": {
        "location": "oco:sunken_city/tophouse4",
        "processors": "minecraft:empty",
		"projection": "rigid",
        "element_type": "minecraft:single_pool_element"
      }
    },
    {
      "weight": 5,
      "element": {
        "location": "oco:sunken_city/topgarden",
        "processors": "minecraft:empty",
		"projection": "rigid",
        "element_type": "minecraft:single_pool_element"
      }
    },
    {
      "weight": 2,
      "element": {
        "location": "oco:sunken_city/topkitchen",
        "processors": "minecraft:empty",
		"projection": "rigid",
        "element_type": "minecraft:single_pool_element"
      }
    },
    {
      "weight": 3,
      "element": {
        "location": "oco:sunken_city/topcage",
        "processors": "minecraft:empty",
		"projection": "rigid",
        "element_type": "minecraft:single_pool_element"
      }
    },
    {
      "weight": 3,
      "element": {
        "location": "oco:sunken_city/top_statue",
        "processors": "minecraft:empty",
		"projection": "rigid",
        "element_type": "minecraft:single_pool_element"
      }
    }
  ]
}
