{
    "type": "minecraft:entity",
    "pools": [
      {
        "rolls": 1,
        "entries": [
          {
            "type": "minecraft:item",
            "name": "minecraft:item_frame",
            "functions": [
              {
                "function": "minecraft:set_count",
                "count": 1
              },
              {
                "function": "minecraft:set_name",
                "name": [{
                    "text": "Jelly Jar",
                    "color": "white",
                    "bold": false,
                    "italic": false
                  }]
              },
              {
                "function": "minecraft:set_nbt",
                "tag": "{CustomModelData:1337009,EntityTag:{Tags:[oco.jellyjar.place]}}"
              },
              {
                "function": "minecraft:set_lore",
                "lore": [
                  {
                    "text": " "
                  },
                  {
                    "text": "A bottled jellyfish.",
                    "color": "gray",
                    "bold": false,
                    "italic": false,
                    "underlined": false,
                    "strikethrough": false,
                    "obfuscated": false
                  },
                  {
                    "text": ""
                  },
                  {
                    "text": "Decorative light-source block.",
                    "color": "green",
                    "bold": false,
                    "italic": false,
                    "underlined": false,
                    "strikethrough": false,
                    "obfuscated": false
                  }
                ]
              }
            ]
          }
        ]
      }
    ]
  }
  