{
    "type": "minecraft:block",
    "pools": [
      {
        "rolls": 1,
        "entries": [
          {
            "type": "minecraft:item",
            "name": "minecraft:prismarine_shard",
            "functions": [
              {
                "function": "minecraft:set_count",
                "count": 6
              }
            ]
          },
          {
            "type": "minecraft:item",
            "name": "minecraft:prismarine_crystals",
            "functions": [
              {
                "function": "minecraft:set_count",
                "count": 8
              }
            ]
          },
          {
            "type": "minecraft:item",
            "name": "minecraft:pufferfish_bucket"
          },
          {
            "type": "minecraft:item",
            "name": "minecraft:enchanted_book",
            "functions": [
              {
                "function": "minecraft:set_enchantments",
                "enchantments": {
                  "minecraft:depth_strider": {
                    "min": 1,
                    "max": 3
                  }
                }
              }
            ]
          },
          {
            "type": "minecraft:item",
            "name": "minecraft:enchanted_book",
            "functions": [
              {
                "function": "minecraft:set_enchantments",
                "enchantments": {
                  "minecraft:aqua_affinity": {
                    "min": 1,
                    "max": 3
                  }
                }
              }
            ]
          },
          {
            "type": "minecraft:item",
            "name": "minecraft:scute",
            "functions": [
              {
                "function": "minecraft:set_count",
                "count": {
                  "min": 2,
                  "max": 4
                }
              }
            ]
          },
          {
            "type": "minecraft:item",
            "name": "minecraft:turtle_egg"
          },
          {
            "type": "minecraft:item",
            "name": "minecraft:dried_kelp",
            "functions": [
              {
                "function": "minecraft:set_count",
                "count": {
                  "min": 12,
                  "max": 20
                }
              }
            ]
          },
          {
            "type": "minecraft:item",
            "name": "minecraft:potion",
            "functions": [
              {
                "function": "minecraft:set_potion",
                "id": "minecraft:water_breathing"
              }
            ]
          },
          {
            "type": "minecraft:item",
            "name": "minecraft:diamond",
            "functions": [
              {
                "function": "minecraft:set_count",
                "count": {
                  "min": 1,
                  "max": 3
                }
              }
            ]
          },
          {
            "type": "minecraft:item",
            "name": "minecraft:cooked_salmon",
            "functions": [
              {
                "function": "minecraft:set_count",
                "count": {
                  "min": 8,
                  "max": 14
                }
              }
            ]
          }
        ]
      }
    ]
  }